Industrial Magnate,"You oversee the massive, grinding factories of Bren, leveraging wealth and authority to keep the artifact-fueled engines turning.",,Parley Aristocrats,Navigate Bureaucracy,Command,Bargain,Appraise Artifacts,Operate Machinery,
High Society Broker,"You navigate the treacherous ballrooms and salons of the elite, trading in whispers, favors, and lucrative alliances.",,Parley Aristocrats,Deceive,Persuade,Read Intentions,Persuade,,
Artifact Speculator,"You fund the expeditions and take the financial risks, gambling your fortune on the unearthing of the next great pre-fall machine.",,Appraise Artifacts,Bargain,Analyze Artifacts,Recall Artifact Lore,Endure Cognitive Strain,,
Underworld Patron,"You are the velvet glove over a rusted iron fist, quietly funding the city's criminal element to execute your unsavory errands.",,Mingle Streets,Deceive,Command,Parley Underground,Plan Tactics,,
Guild Sponsor,"You hold the purse strings for the gruff explorers braving the jungle, managing their contracts and reaping the glory of their discoveries.",,Parley Explorers,Navigate Bureaucracy,Bargain,Recall Artifact Lore,Analyze Architecture,,
Scandal Deflector,"You are a master of public relations, making the lethal malfunctions of aristocratic vanity projects quietly disappear from the public eye.",,Deceive,Persuade,Navigate Bureaucracy,Read Intentions,Intimidate,,
Arcane Investor,"You pour your immense wealth into the laboratories of the Wizards, securing exclusive rights to the latest magical circuitry and experimental tech.",,Parley Aristocrats,Identify Arcane Purpose,Tinker,Bargain,Parley Wizards,,
Wasteland Survivor,"You have survived the brutal elements beyond the city walls longer than most, hardened by starvation, thirst, and the unforgiving jungle.",,Endure Dehydration,Endure Hunger,Find Paths,Scavenge,Channel Divinity,,
Monster Hunter,"You specialize in tracking and slaughtering the nightmarish aberrations that stalk the ruins, knowing precisely where to strike for the kill.",,Identify Beasts,Exploit Weakness,Plan Tactics,Shoot Guns,Track,,
Ruin Delver,"You treat collapsed temples and buried facilities as puzzles, expertly navigating ancient architecture and disarming lethal traps.",,Analyze Architecture,Climb,Defuse Traps,Perceive,Analyze Artifacts,,
Myth Seeker,"You chase the campfire stories and forbidden legends of the wastes, guided by an intuition for where the greatest artifacts lie hidden.",,Recall Artifact Lore,Find Paths,Sense Danger,Analyze Artifacts,Parley Aristocrats,,
Wasteland Ward,"You act as a living oasis for your expedition, projecting the city's divine influence to ward your allies against the blistering heat and the brutal hazards of the sands.",,Perform Rituals,Channel Divinity,Sense Religious Danger,Endure Psychic Attacks,Endure Toxins,,
Dune Tracker,"You can find a trail in the middle of a blinding sandstorm, using the harsh winds of Bren's arid wastes to mask your movements.",,Track,Find Paths,Endure Physical Strain,Spot,Endure Dehydration,,
Brute Beast Hunter,"You bring down the desert's most resilient monstrosities, relying on overwhelming force and brutish tactics to physically shatter their natural defenses.",,Identify Beasts,Smash,Shatter Armor,Swing Hammers,Brawl,,
Circle Hierophant,"You sit at the upper echelons of the faith, commanding the masses and safeguarding the deepest, most dangerous secrets of the city's plane-formation.",,Perform Rituals,Channel Divinity,Command,Recall Religious Secrets,Persuade,,
Maintenance Priest,"You view the city's massive engines as holy relics, blending religious devotion with the greasy, hands-on work of keeping the gears turning.",,Fix Machinery,Restore Power Nodes,Climb,Operate Machinery,Scribe Arcane Circuits,Fix Arcane Circuits,
Inquisitor of the Circle,"You are the terrifying hand of the church, rooting out heresy, unauthorized magic, and those who ask too many questions.",,Identify Heretics,Sense Religious Danger,Read Intentions,Intimidate,Swing Swords,,
Mass Celebrant,"You are the charismatic voice of the faith, leading the congregations in grand rituals and keeping the populace pacified and devout.",,Preach Gospel,Perform,Parley Clergy,Debate Morality,,,
Temple Scholar,"You dwell in the dust of the holy libraries, piecing together the true history of Bren and the sacred blueprints of its architecture.",,Recall Religious History,Recall Religious Secrets,Interpret Omens,Analyze Architecture,Parley Wizards,,
Omen Reader,"You study the subtle shifts in arcane energy and natural phenomena, predicting disasters and divine will through artifacts and the weather.",,Interpret Omens,Sense Religious Danger,Commune With Artifacts,Sense Danger,Listen,,
Moral Arbiter,"You are the judge of spiritual purity in the city, using theological debate and strict law to steer the populace away from forbidden temptations.",,Debate Morality,Parley Clergy,Read Intentions,Persuade,,,
Underbelly Stowaway,"You are a ghost in the city's slums, surviving in the forgotten cracks of Bren by staying unseen and scavenging what the rich throw away.",,Hide,Sneak,Mingle Streets,Scavenge,Parley Underground,Steal,Perform Sleight Of Hand
Corporate Saboteur,"You are paid to cripple rival industries, slipping into heavily guarded factories to sever arcane circuits and jam the gears.",,Sabotage Machinery,Break Arcane Circuits,Hack Circuits,Sneak,Deceive,,
Cat Burglar,"You scale the sheer walls of aristocratic estates, bypassing locks and security measures to steal priceless artifacts from under their noses.",,Climb,Balance,Steal,Pick Locks,Evade,,
Chameleon Infiltrator,"You are a master of disguise and social blending, able to walk into a high-society gala or a dockside tavern and belong perfectly.",,Perform,Deceive,Hide,Mingle Streets,Parley Underground,Parley Aristocrats,
Arcane Disruptor,"You understand just enough magic to break it, short-circuiting magical locks and overloading defensive runes with a flick of the wrist.",,Overload Circuits,Hack Circuits,Detect Arcane Energy,Perform Sleight Of Hand,Commune With Artifacts,,
Shadow Courier,"You move illicit goods across the city's rooftops and sewers, relying on speed and absolute silence to avoid the guard patrols.",,Sneak,Evade,Find Paths,React Quickly,,,
Alleyway Informant,"You are the eyes and ears of the streets, trading secrets, reading people, and knowing exactly who to talk to when trouble brews.",,Listen,Spot,Read Intentions,Parley Underground,Mingle Streets,,
Contract Thief,"You are a professional acquirer of things, meticulously planning heists to lift specific, highly guarded artifacts for wealthy clients.",,Pick Locks,Steal,Search,Defuse Traps,,,
Beat Cop,"You walk the grimy streets of the lower tiers, relying on your fists, your commanding presence, and your knowledge of the local gangs to keep order.",,Talk Tough,Spot,Brawl,Parley Guards,,,
Precinct Investigator,"You piece together the aftermath of the city's crimes, tracking suspects, scrying through forged documents, and finding the truth.",,Scry Documents,Search,Read Intentions,Track,,,
Heavy Enforcer,"You are the blunt instrument of the law, heavily armored and armed with crushing weapons to break up riots and smash resistance.",,Swing Hammers,Smash,Intimidate,Grapple,Talk Tough,,
Gate Watchman,"You stand between the safety of Bren and the horrors of the jungle, trained to spot smugglers, monsters, and trouble from a mile away.",,Perceive,Sense Danger,Parley Outsiders,Shoot Guns,,,
Circle Swordsman,"You are an elite, highly trained duelist for the city, using disciplined martial tactics to disarm and dismantle your opponents.",,Swing Swords,React Quickly,Plan Tactics,Shatter Armor,,,
Riot Suppressor,"You hold the line when the commonry boils over, trained in crowd control, physical endurance, and the psychological tactics of mass intimidation.",,Disrupt Attacks,Intimidate,Endure Physical Strain,Command,,,
Military General,"You orchestrate the macro-defenses of the city, navigating aristocratic politics while commanding the tactical deployment of troops.",,Command,Plan Tactics,Navigate Bureaucracy,Parley Guards,,,
Master Mason,"You built the walls that keep the jungle out, possessing an intimate understanding of structural integrity and the sheer strength to shape stone.",,Analyze Architecture,Lift Heavy Objects,Smash,Endure Physical Strain,,,
Circle Farmer,"You coax life from the toxic, dry soil of the city's outskirts, surviving the grueling elements to feed the masses.",,Endure Dehydration,Endure Hunger,Forage Reagents,Mingle Streets,,,
Street Alchemist,"You brew volatile mixtures in makeshift labs, creating cheap medicines, chemical explosives, and chemical solutions for everyday problems.",,Brew Alchemy,Forage Reagents,Tinker,Bargain,,,
Factory Hand,"You have survived years in the deafening, toxic belly of Bren's industrial sector, learning how to keep the rusted machines from exploding.",,Operate Machinery,Fix Machinery,Endure Toxins,Lift Heavy Objects,,,
Caravan Driver,"You haul goods across the treacherous roads of the city and its immediate borders, skilled in rapid repairs and evasive driving.",,Drive Vehicles,Fix Vehicles,Find Paths,React Quickly,,,
Market Trader,"You run the bustling bazaars, haggling over scraps and reading the intentions of desperate buyers and shady suppliers alike.",,Bargain,Persuade,Mingle Streets,Read Intentions,,,
Tough Laborer,"You are the backbone of the city's physical expansion, relying on raw strength, calloused hands, and a high tolerance for pain.",,Lift Heavy Objects,Grapple,Endure Physical Strain,Talk Tough,,,
Circuit Engineer,"You design the magical pathways that power Bren's revolution, merging arcane theory with the practical reality of copper and wire.",,Scribe Arcane Circuits,Restore Power Nodes,Tinker,Identify Arcane Purpose,,,
Artifact Researcher,"You push your mind to the brink of madness trying to understand the terrifying relics pulled from the ruins, uncovering their true nature.",,Analyze Artifacts,Experiment With Artifacts,Recall Artifact Lore,Endure Cognitive Strain,,,
Containment Specialist,"You are called when an artifact wakes up, using dampening fields and arcane wards to prevent catastrophic magical meltdowns.",,Contain Artifacts,Endure Psychic Attacks,Analyze Artifacts,Spot,,,
Arcane Inventor,"You tinker at the bleeding edge of science and magic, creating prototype tools and experimental mixtures that defy natural law.",,Scribe Arcane Circuits,Tinker,Fix Arcane Circuits,Analyze Artifacts,Restore Power Nodes,,
Industrial Technomancer,"You interface directly with the city's largest, most dangerous engines, keeping the volatile mix of steam and magic stable.",,Operate Heavy Machinery,Restore Power Nodes,Overload Circuits,Fix Machinery,Fix Arcane Circuits,,
Wasteland Scholar,"You document the esoteric lore of the jungle and its ruins, bridging the gap between high academia and the gritty reality of the explorers.",,Commune With Artifacts,Identify Arcane Purpose,Parley Explorers,Recall Artifact Lore,Analyze Artifacts,,
Rogue Arcanist,"You operate outside the sanctioned labs, conducting highly illegal, dangerous experiments with artifacts that the Aristocracy deems too volatile.",,Experiment With Artifacts,Commune With Artifacts,Hack Circuits,Endure Toxins,Endure Physical Strain,,
Scrap-Waste Heretic,"You are a feral outcast of the wastes, surviving the toxic sands by forming sacred, heretical bonds with the desert's mechanical beasts and the dark entities that command them.",,Commune With Artifacts,Recall Religious Secrets,Channel Divinity,Endure Toxins,Identify Beasts,,
Hair-Trigger Senses,"The wastes do not forgive the blind or the deaf. Your senses have been sharpened to a razor's edge, giving you the twitch-reflexes needed to survive the unseen horrors of the desert.",,Spot,Listen,Perceive,React Quickly,,,
Sword Fighter,"You are a blur of steel in the wastes, keeping your eyes locked on your opponent to sidestep their strikes and punish their slightest mistakes.",,Swing Swords,Evade,Exploit Weakness,Spot,,,
Hammer Figher,"You are a walking engine of blunt force, built to shrug off punishing blows while you crush armor, bone, and morale under the massive weight of your hammer.",,Swing Hammers,Smash,Endure Physical Strain,Shatter Armor,,,
Arcane Bombardier,"Subtlety is a luxury you discarded for raw, explosive power. You can read the invisible currents of arcane energy and reduce heavily armored targets to smoking craters from a distance.",,Fire Heavy Ordnance,Throw,Spot,Detect Arcane Energy,Set Traps,,
Natural Charmer,"You have an uncanny ability to read a room and tell people exactly what they want to hear, defusing tension or swindling fools with a disarming smile.",,Persuade,Deceive,Read Intentions,Bargain,,,
Iron-Willed,"You simply refuse to yield. Whether facing psychic intrusion, unbearable pain, or someone trying to manipulate you, your mind is an absolute fortress.",,Endure Cognitive Strain,Endure Psychic Attacks,Debate Morality,Intimidate,,,
Calloused Survivor,"You have been beaten, broken, and burned so many times that pain has just become another background noise you can easily ignore.",,Endure Physical Strain,Endure Toxins,Brawl,Talk Tough,,,
Contortionist,"You possess an uncanny, almost unnatural flexibility, allowing you to slip out of grapples, squeeze into rusted ventilation shafts, and maintain perfect footing.",,Evade,Balance,Jump,Grapple,,,
Heavyweight,"You are built like a brick wall. Your sheer mass makes you incredibly difficult to move, and when you put your weight into something, it breaks.",,Lift Heavy Objects,Smash,Grapple,Intimidate,,,
Fate-Touched,"You shouldn't be alive, yet things always seem to inexplicably work out in your favor right before disaster strikes.",,Sense Danger,React Quickly,Evade,Interpret Omens,,,
Lore Savant,"Once you see a schematic or read an ancient text, it is permanently burned into your mind, making you a walking encyclopedia of the old world.",,Recall Artifact Lore,Recall Religious History,Recall Religious Secrets,Analyze Architecture,,,
Jury-Rigger,You can look at a pile of rusted trash and see a solution. You have an innate knack for cobbling together temporary fixes from completely unrelated parts.,,Tinker,Scavenge,Fix Machinery,Forage Reagents,Brew Alchemy,,